Gene,Coef
S100A8,0
ACTB,0
EEF1A1,-0.179019596
SERPINA1,0
IFITM2,0
S100A12,0
HLA-A,-0.098556805
HLA-B,0
GAPDH,0
S100A11,0
MYL6,0.004533769
FCGR3B,0
IFITM3,0
TYROBP,0
IFITM1,0
ACSL1,0
LYZ,0
S100A6,0
ALOX5AP,0
TUBA1A,0
CFL1,0
VIM,0
IL1R2,0.035881197
SELL,0
RAC2,0
PFN1,0
NAMPT,0
FPR1,0
ALOX5,0.016661443
BASP1,0
PLBD1,0
GNAS,0
S100A4,0
FCER1G,0.031047238
MMP9,0
BCL6,0
LDHA,0.057573145
MSRB1,0
TMSB10,-0.020740063
AQP9,0
YBX3,0
CXCR2,0
ACTR3,0
PLAC8,0.006886508
CD63,0.000794741
EVI2B,0
ARPC2,0
HCK,0
SAT1,0
FCGR2A,0
RGS2,0
GLUL,0
NCF2,0
GYG1,0.032285614
ITGB2,0
HSPA1A,0
CORO1A,0
VNN2,0
TUBA1B,0
HMGN2,0
CLIC1,0
PLXNC1,0
GCA,0
ARPC5,0
CST7,0.014871597
CSF3R,0
PPBP,0
TAGLN2,0
COTL1,0
PLP2,0.000370286
PGAM1,0
ACTN1,0
DUSP1,0
CXCR4,-0.012426791
YBX1,0
SH3BGRL3,0
IQGAP1,0
MYO1F,0
CSF2RB,0
CYBA,0
PCBP2,0
C5AR1,0
NCF4,0
FCN1,0
EEF2,-0.01462971
IL18RAP,0
MEGF9,0
ITGAM,0.006855619
LGALS3,0
LGALS1,0
CTSB,0
CD14,0
DDX3X,0
PF4,0
SLC25A37,0
TSC22D3,0
GYPC,0
S100P,0
SLA,0
STOM,0.029564519
TIMP1,0
IFI16,0
CD55,0.007147769
HMGB2,0
DYSF,0
RASSF2,0
KCNJ15,0
PYGL,0
CYBB,0
RAB31,0
XPO6,0
IFNGR2,0
PLSCR1,0
FLOT1,0.010906113
B4GALT5,0.115947593
FCGR3A,0
PSMB4,0
FGR,0
LYN,0
IER2,-0.088972169
TNFRSF1B,0
MKNK2,0
EIF4A1,-0.055908179
CDA,0
VCAN,0
NFE2,0
ANXA1,0.046278081
ANXA2,0
TUBA1C,0
CHPT1,0
SELPLG,0
CD74,-0.037714962
UCP2,0
CSTB,0
PPIA,-0.017032632
HUWE1,0
LAT2,0
APLP2,0
SLC25A3,0
PRR13,0
COX8A,0
ZYX,0
KLF2,0
RALB,0
EFHD2,0
ENO1,0
WDR1,0.042467692
PTP4A2,0
ADM,0
TNFSF10,0
S100A10,0
PFKFB3,0
ZFP36,0
TRIM22,0
JTB,0
PADI4,0
OSBPL8,-0.006428542
CAPNS1,0
GNB2,0
NT5C2,0
PTTG1IP,0
LSP1,0
MMP25,0
LST1,0
SLC11A1,0
RGS19,0
RBPJ,0.018733332
ANXA3,0
PYCARD,0
PLEK,0
CKAP4,0.016463098
PIP4K2A,0
MPP1,0
MARCKS,0
CXCR1,0
PTPN6,0
TPST2,0.031834194
SAMSN1,0.002240771
GSTO1,0.03608531
STK24,0
CEBPD,0
GLRX,0
IL2RG,0
RIOK3,0
CNN2,0
DICER1,0
PILRA,0
CD300A,-0.045280346
N4BP1,0
GSPT1,0
SPI1,0
NKG7,0
UPP1,0.020095049
CMTM6,0
FAM53C,0
ZFP36L2,-0.043029822
CLU,0
PRKCB,0
CASP8,0
NMI,0
EIF3L,-0.035995689
FAM120A,-0.027230677
AIF1,0
HLA-DPA1,-0.036806944
DENND5A,0
CDC42EP3,0
CTSC,0
ELOVL5,0
TXN,0
MSL1,0
NRGN,0
CREG1,0
CST3,0
VCL,0
KCTD12,0
ANXA5,0
ANPEP,0
TAF10,0
HSPA6,-0.048353804
ALPL,0
PGLYRP1,0
RAB27A,0
CCL5,0
TMX4,0
ITGB1,0
P4HB,0
ARPC4,0
CKLF,0
LYL1,0
DCP2,0
SLC25A6,-0.07772321
NQO2,0
CTSA,0
UBXN2B,0
JUND,0
GRK6,0
NFIL3,0
ADAM10,0
GNAI2,0
CD99,0
SECTM1,0
LRRFIP1,0
LPGAT1,0
MKNK1,0.014148812
LILRB3,0
LYST,0
MS4A6A,0
MSRB2,0
IRS2,0
PPP1CA,0
CD52,-0.038140076
GNB1,0
CUL3,0
TLR1,0
RYBP,0
DYNLRB1,0
DECR1,0
AP2S1,0
IGF2R,0
HLA-DRA,-0.008588334
OSTF1,0
SEC14L1,0
POMP,0.009734619
FOLR3,0
TRIP12,0
BAZ1A,0.066066929
CSTA,0
IFRD1,0
VASP,0
TPP1,0
SASH3,0
MICAL2,0
PTPRE,0
TGFB1,0
AGFG1,0.019067335
STAT1,0
SUB1,0
HIPK1,0
LIMS1,0.036020729
BLVRB,0
FMNL1,0
CDV3,0
U2AF1,0
PPP4R1,0
VOPP1,0
RNF24,0
SLC25A5,0
HLA-DRB1,-0.018291117
IL6ST,0.037895233
CCNG2,0
DYNLL1,0
CSGALNACT2,0.008082883
HLA-DQB1,0
AGTPBP1,0.053242856
IRAK3,0.023752672
HECA,0
MAP3K5,0.028429138
CAPN2,0
ZFP36L1,0
HEBP2,0
YWHAQ,0
ERLIN1,0.026762894
NDUFC2,0
MVP,0
IRF1,-0.018711873
PLCL2,0
TIMP2,0
HSPA5,0
SNX10,0
TSG101,0
BCL2A1,0
PPP3CA,0
CAST,0.103059669
SLC38A2,0
SKAP2,0
ISG20,-0.031938692
LYPLA1,0.02348775
CSK,0
CSNK2B,0
NFKBIA,0
MXI1,0
PPP2R5A,0
PGLS,0
GADD45B,0
ROCK1,0
NUP214,0
PELI1,0
COX5A,-0.017134071
NDUFA2,0
PFDN5,0
QKI,0
SEC61B,0
HERPUD1,0
CASC3,0
MIF,-0.008648285
LY96,0
SH3BP5,0.009499882
NBN,0
LTB,-0.083816011
WDR26,0
AKIP1,0
MBD2,0
BICD2,0
STK17A,0.001632429
PPP2R5C,0
CSNK1G2,0
DMTN,0
TREM1,0
MAPKAPK3,0
SVIL,0
S1PR4,0
HK1,0
CX3CR1,-0.017101525
RETN,0
ZNF106,0
NRBF2,0
CR1,0
GCH1,0
CAPG,0.013445838
LDHB,-0.033101873
BACH1,0
CPD,0
ZNF217,0
AOAH,0
PIM1,0
MAN1A1,0
BLOC1S1,0
XPO1,0
RBM38,0
FGL2,-0.009913025
USP9X,0
GADD45A,0.001832669
FBXW2,0.012559289
HLA-DPB1,-0.048928438
WSB2,0
IL18R1,0.020573001
PARP4,0
CD58,0
MX2,0
PTPN12,0
CHMP4A,0
SHOC2,0
AKAP17A,0
MEF2A,0
SMNDC1,0
STK10,0
WNK1,0
CTBP1,0
RAB11FIP1,0
IGSF6,0.005319878
F5,0
POM121,-0.022956465
CFD,0
CRIP1,0
SOS2,0
GBP2,0
KIAA0232,0
WDR83OS,0
USP10,0
PARP8,0
TAP1,0
FKBP15,0.010074341
CTSH,0
IL4R,0
KAT2B,0
GIMAP4,-0.024486492
MT2A,0
NBEAL2,0
SP110,0
TXNL4A,0
EIF4EBP2,0
DOCK2,0
PLCG2,0
KDM7A,0
CLINT1,0
IQGAP2,0
VPS8,0
GNAQ,0.088347648
MAPKAPK2,0
PLAUR,0
ME2,0.001661508
DUSP6,0
IQSEC1,0
HIGD1A,0
GLIPR1,0
REEP5,0
ENTPD1,0
ITGAX,0
ATF4,0
B4GALT1,0
AP3D1,0
MSL3,0
ENTPD4,0
ARL6IP1,0
TMEM131,0.006356883
CD59,0
TLN1,0.022195339
HDAC4,0
BID,0
FFAR2,0
C1RL,0
PHF21A,0
LAP3,0
MYH9,0
SNRPD3,0
RARA,0
SLPI,0
TRIB1,0
RANBP9,0.015460434
NINJ2,0
MAST3,0
ID2,0
TANK,0
UBQLN2,0
PSMB8,-0.013402954
PPP3CB,0
NEDD9,0
APOBEC3G,0
DPEP2,0
ATXN1,0
JMJD6,0
MED13,0
FAM117A,0
LGALS8,0
ADAM19,0
TBL1X,0
LMNB1,0
SPTLC2,0.015249154
CTDNEP1,0
FAM89B,0
DIAPH1,0
VPS4B,0
EPS15,0
PRDX3,0
GLB1,0
PUM2,0
PSENEN,0
SYNE3,0
PHIP,0
IL10RA,0
NOSIP,-0.026040913
PTPN18,0
MAP4K4,0
CCNG1,0
ATP2A3,0
SUPT4H1,0
CARHSP1,0
FLNA,0
RALBP1,0
ADAM8,0
PTAFR,0
ARFGAP3,0
FURIN,0
GBP1,0
EIF3A,0
GUSB,0
PSEN1,0
USP34,0
CCNL1,0
CIDEB,0
MAP2K2,0
SUCLG1,0
BTG2,0
TNFAIP3,0
APOBR,0
UBE2L6,-0.004044481
ARHGAP26,0
RCBTB2,0
NCOA1,0
CITED2,0
PI3,0
MAZ,0
RAPGEF2,0
TFDP1,0
NCKAP1L,0
MINK1,0
IER3,0
TOP1,0
ARHGAP25,0
IL1B,0
ARID1A,0
UBE2Q1,0
SMCO4,0
NXF1,0
TM9SF3,0
CDK5RAP2,0.00884875
MAP3K8,0
CAPRIN1,0
CUL4B,0
DSE,0
NDUFB1,0
PPFIA1,0
RHOB,0
CSGALNACT1,0.083151073
PRF1,0
FKBP11,0
ZDHHC17,0
PTP4A1,0
MRPL28,0
EZH1,0
IMPDH1,0
EZR,0
TCF7,-0.077767519
CTSD,0
ISG15,0
RNF38,0
IRF7,0
TSPYL1,0
GATAD2A,0
RREB1,0
SIPA1,0
TESC,0
TAB2,0
RNPEPL1,0
PPP2CB,0
SIK3,0
BCL3,0
PNP,0
ATF6,0.039322353
DUSP22,0.018478981
TRAFD1,0
PSMD1,0
TSNAX,0
TOP2B,0
RBM26,0
TOB1,0
ZFYVE16,0
PRKAR2A,0
SEL1L3,0
CCR2,0
SUMO3,0
DENND2D,0
TFRC,0
DNAJC13,0.078437709
ACLY,0
TBXAS1,0.025314396
TNKS2,0
LPXN,0
CARD8,0
MTHFD2,0
YWHAH,0.022684197
CUX1,0
CREBBP,0
NTAN1,0
CNOT1,0
OSBPL2,0
GSTP1,0
FAS,0
FIBP,0
GIMAP6,-0.019630217
ITGAL,0
TYMP,0
TUBB4B,0
PRDX1,0
NMRK1,0
CCDC69,0
CYLD,-0.035156639
AIM2,0
NCOA3,0
OPTN,0
CD81,-0.022107672
HNRNPUL1,0
CD9,0
PCNA,0
IFNAR2,0
CDKN2D,0
PRNP,0
TRADD,0
LPIN2,0
ZMIZ1,0
GNLY,0
CLIP1,0
AFTPH,0
TLK1,0
MACF1,0
NISCH,-0.032731616
TIPARP,0.047333635
SERPINB6,0
CAMP,0
UBE2M,0
GPR65,0
WDR45B,0
PDLIM1,0
HNRNPAB,0
HSDL2,0
OSBPL11,0
PSMA4,0
BAZ2B,0
IER5,0
CEP350,0
DPM1,0
ATP1B3,0
PDIA6,0
UBAC1,0
BCL2L1,0
PSTPIP2,0.02234553
GABARAPL1,0
TRIM33,-0.058852592
ARIH1,0
MEPCE,0
PTGER4,-0.020939595
SH3BP2,0
SMC1A,0
CTCF,0
DDIT4,0
UBR4,0
SLCO3A1,0
PSD4,0
IFI6,0
TWF2,0
LAIR1,0
CLEC2B,-0.059212746
ARPC5L,0
SLC12A9,0
IGFLR1,0
FYN,-0.004615276
ATP2B4,0
TLE3,0
XBP1,0
ANXA4,0
ABAT,0
SEC24A,0.001507376
MX1,0
UBE2K,0
CTR9,0
EXOC3,0
USP7,0
SCFD1,0.008968326
ACTN4,0
NDUFV2,0
ARAP1,0
PLCB2,0
DYNC1I2,0.023834021
LGALS9,0
PDLIM7,0
COLGALT1,0.009778406
ATP6V1D,0.033802938
ATP13A3,0
EIF2AK2,0
GAK,0
CDK19,0
DDAH2,0.040551341
NPLOC4,0
PTPN11,0
SEC16A,0
SLK,0
ODC1,0
SLC25A24,0
IFT20,0.010439141
TRIOBP,0
MRPL23,0
LARP1,0
SSH1,0
ORMDL2,0
POP4,0
SMAP1,0
RGCC,0
GZMB,0
TPM1,0.014467575
CDK2AP2,0
TBC1D2B,0
PDXK,0
PITPNA,0
SAMHD1,0
LIMD2,0
ASAP1,0
BRMS1,0
SERTAD2,0
DSTN,0
ITGA5,0
CERK,0
ABR,0
NFKB1,0
CALCOCO1,0
HAT1,0.033271417
SLTM,0
PBXIP1,-0.15566714
FOS,0
IL32,-0.07398872
NASP,0
MED13L,-0.019293479
TPR,0
HSPB1,0
PPIP5K2,0
NUP153,0
AMPD2,0
KIDINS220,0
COX15,0
BATF,0
PPIF,0
PLIN2,0
MYCBP2,-0.029335436
FOSL2,0
MSL2,-0.016825941
MCTS1,0
PIK3C3,0
RGS3,0
UBL3,0
GALNT1,0
RPF1,-0.099494802
PLEC,0
CSAD,0
KDM3A,0
MXRA7,0
CDC40,0
JARID2,0
TRAK2,0
MSRA,0.023373867
IMMT,0
ECE1,0
ASPH,0.089352629
CPT1A,0
MT1X,0
GALNT7,0
RAB33B,0
ROGDI,0
FEZ2,0
PPA1,0
CD27,-0.043807092
WIPF2,0
ATRX,0
E2F3,0
MTMR4,0
KDM5A,0
R3HDM2,0
MMD,0
PHKA2,0
SPTBN1,0
SDHA,0
CYFIP1,0
NLRX1,0
HEXIM1,0
ELK3,0
SETD2,0
ST6GAL1,-0.010142383
TSPAN5,0
CHD4,0
FOXJ3,0
CTSW,0
CDK2AP1,0
IFI35,0
DOK2,0
PMF1,0
STAG1,0
RBM3,0
SGK1,-0.023128418
DCAF6,0
PRDM2,-0.135511246
MT1F,0
TBL1XR1,0
CDKN1A,0
LIN7C,0
CEACAM21,0.037760001
VPS13C,-0.049797271
ITPKB,0
BRD8,0
CNPY2,-0.045506635
ZSWIM8,0
SERINC5,0
ATOX1,0
COMMD3,0
SBNO2,0
SRP19,0
PRKDC,0
ITM2A,-0.053436251
JOSD1,0
GNPTAB,0
PIM2,-0.008740032
VAV3,0
P2RX5,0
KDM6B,0
ATG2A,0
PPP6R1,0
CEP170,0
NDUFB3,0
HPGD,0.030135923
C11orf21,0
ARF6,-0.088580115
GNA15,0.022060642
ZEB2,0.0281956
ARID5B,0
KRCC1,0
ZNF267,0
HLA-DMA,-0.017337088
BPGM,0
CLEC4E,0.037689281
SPAG9,0
APP,0.058519612
HMGA1,0
GSAP,0
CALR,0.055950141
ZBTB11,0
MCFD2,0
CD6,-0.05499163
ZC3H4,0
CBX1,0
KLF10,0
ABCA7,0
ARID5A,0
JUNB,0
NCK2,0
CNOT6,0
RBM7,0
CETN2,0
INSIG1,0
CHD1,0
TIMM8B,0
DHPS,0
ELF2,0
RAB3GAP1,0
CISH,0
USP8,0
BPTF,0
DIP2A,0
SYNCRIP,0
CNP,0
RABGAP1L,0
PFKP,0
SIPA1L1,0
DBI,0
CIR1,0
SLC35E1,0
HLA-DQA1,-0.031232879
FAF2,0
SHMT2,0
RNF123,0
DAZAP1,-0.098600021
RASA1,0
COX17,0
SRRD,0
EDRF1,0
TRIM28,0
RAB21,0
RB1CC1,0
MTSS1,0
BTAF1,0
ZC3H7A,0
OSBP,0
TRIM38,0
FCF1,0
GDE1,0
ARL4C,-0.062289561
LAMTOR2,0
ADSL,0
GNPDA1,0
KLF6,0
GZMA,-0.02503546
DHX40,0
TPM4,0.045194403
DGKD,0
UBE4B,0
SPEN,-0.020155044
PPP2R2D,0
FAM111A,0
NPEPL1,0
KDM6A,0
SGSM2,0
TBK1,0
DDT,0
ACBD3,0
ABCC1,0
PDE4B,0
PCF11,0
PTGER2,0
CD82,0
STARD7,0
GALNT2,0.055110597
DDX23,0
RECQL,0
CLCN3,0
JAK2,0
USP24,0
BTBD2,0
PAK1,-0.064270538
DDX42,0
ABLIM1,-0.007533247
SRP72,0
CCDC93,0
CRTC3,0
NDUFA6,0
PPP1R14B,0
PARP1,-0.048408251
PSMB5,0
EHBP1L1,0
ACSL4,0
UBR5,0
CLK2,0
SLC8B1,0
VPS13B,0.025800334
DDX21,0
AHNAK,-0.05474728
POLD3,0
RAB8B,0
ABHD2,0
AHCYL1,0
LRRC8D,0
GLS,0
MARCKSL1,0
STX11,0
MRPS11,0
NF2,0
PPM1G,0
CASP3,0
APC,0
CHUK,0
PPP1R10,0
TSC1,0
LEF1,-0.040203178
LAPTM4B,0
TTC13,0
RHOF,-0.010631254
PRMT5,0
ARID3B,0
SPTAN1,-0.072385638
PTPN22,0.004451656
MPC1,0
ARL3,0
ETHE1,0
FAM13A,0
ESYT1,-0.048205639
LMNA,0
PPP1R15A,0
ACIN1,0
NDUFA9,0
MT1E,0
G0S2,0
UBE2H,0.007284785
BRD3,0
BIRC3,-0.021163428
FKBP3,0
CDK13,0
AGA,0
MOSPD3,0.033308226
DOK3,0
CEP63,-0.0507152
DNAJB1,-0.020178395
FKBP2,0
HMOX1,0
CDC25B,-0.020765688
SATB1,0
ZBED1,0
CTSZ,0
IL27RA,0
SOCS3,0
CDC5L,0.01431195
TP53BP2,0
COMMD4,0
TDG,0
CD151,0.009270557
TRANK1,0
FBXO34,0
MLXIP,0.043406761
ZNF200,0
MGST2,0
AGO4,0
PLEKHO1,0
PFKL,0
ARHGEF12,0
DHX34,0
MPST,0
EXOC1,0
ADI1,0
DUS1L,0
SULT1B1,0.038720346
UBAP2L,0
CCND2,-0.008644551
RABIF,0.015152683
TXN2,0
PRAF2,0
BIK,0
TOPORS,0
MRPS31,0
XPC,0
ANKRD49,0
CD4,0
PCM1,0
MCM5,0
OASL,0
ARID3A,0
HCFC1R1,0
MLEC,0
MYO5A,0
PHTF2,0
VKORC1,0
IMPDH2,-0.032691433
MAL,-0.006912588
MCM6,0
IFIH1,0
ANAPC15,0
GRHPR,0
AKT1,-0.03664612
REXO2,0
EHD4,0
USP25,0
TPK1,0
BLVRA,-0.005427311
CD79A,0
BHLHE40,0
STX8,0
SMAD4,0
PHKB,0
GOLGA4,0
LDLR,0.019281417
BRD7,0
MYC,-0.035269815
RRBP1,0
RRP12,0
SAP30,0.017274047
HDLBP,0
ARAP2,0
ARL4A,0
VAMP4,0.014341888
COMMD8,0
GOLGA3,0
SMC4,0
ITPA,0
NUCB2,0
ITGAE,0
DVL1,-0.101368767
HERC5,0
CHD7,0
SMARCC1,0
MAVS,0.057087226
OAS1,0
PHF2,0
ZNF335,0
SMARCD2,0
LTN1,0
PDLIM5,0
SUGP2,0
MDFIC,0
GOLGB1,0
PSPC1,0
CORO1B,0
IDH2,0
DHX29,0
PAF1,0
MYLIP,-0.019241709
SMARCA4,0
TRIM44,-0.035973393
TOPBP1,0
MAN1A2,0
GSR,0
IBTK,0
CHD3,0
ZNF143,0
BZW2,0
TUBB2A,0
SNX5,0
AGL,0
DHX8,0
SIL1,0
INTS3,0
ATP2B1,-0.082764675
PAFAH1B3,-0.173748429
SYNE2,-0.119134453
TTI1,0
STAM2,0
TLK2,0
FCHSD2,0
WDR44,0
CMC2,0
IPCEF1,0
PCSK7,0
SWAP70,0
MRPL12,0
FTSJ3,0
CKAP2,0
FUBP3,0
FKBP5,0.063348013
OTUD4,-0.013185971
PDS5B,0
FUT7,0
XPOT,0
FOXO1,-0.004379737
G6PC3,0
BRAP,0
BRD1,0
SRF,0
BCR,0.016818361
UBE2S,0
TMF1,0
IL2RB,-0.040768803
TRMT1L,0.020850761
FHOD1,0
PLEKHM2,0
KLF3,0
PDS5A,0
SLC35D2,0
EIF3J,0
B9D2,0
RUNX3,-0.057575079
ANKRD55,0.051717213
SMC5,0
MED25,0
NME4,0
AQR,0
GABPB1,0
INF2,0
HIVEP2,0
ICAM1,0
POLR2A,0
VWA5A,0
CASP10,0
CLDND1,0
PPCDC,0
KDM5B,0
NUMA1,0.132726808
TRPS1,0.029326905
ADRB2,0
PDE4D,0.024669231
PRDX4,0
EBAG9,0
DHX16,0
VAMP5,0
ACAA2,0
NOLC1,0
MORC2,0
SND1,0
NFE2L1,0
TAOK1,0
MIOS,0
BAZ1B,-0.001794746
MCUR1,0
SPTSSA,0
CD8A,0
HCFC1,0
GLRX2,0
CDK5,0
CCDC59,0
ATR,0
MYO9A,-0.06042585
EIF4EBP1,0
MAPK13,0
GNL3,0
AKAP9,0
NFU1,0.028118421
USE1,0
LRIF1,0
GOLGA1,0.041399309
INPP1,0
SLC35B1,0
LPP,0
KRI1,-0.027574067
MAFF,0
SAMD9,0
SRBD1,0
YLPM1,0
ARFGEF2,0
R3HDM1,0
GRK5,0
AKAP11,-0.026420191
DHX38,0
CALHM2,0
USP12,0
SP140L,0
NDUFS1,0
SART3,0
APOL1,0
TRIM52,0
CHD8,0
FASTKD3,0
SUZ12,0
MRPS14,0
PBRM1,0
SOS1,0
PIK3C2A,0
TBC1D15,0
BAK1,0
MAP3K4,0
AQP3,0
OAS2,0
GTF2H5,0
P2RX4,0
TRIM25,0
CNTRL,0
MAP4,0.081657786
CD7,0
PIK3R5,-0.063847022
HDAC6,0
INTS6,0
UPF1,0
COL18A1,0
GPR171,-0.044345247
BCL2,-0.024348475
COIL,0
GPN3,0
GABBR1,0
SNRNP25,0
FAM193A,0
ANGEL2,0
NRIP1,0
PTP4A3,0
PPP1R16B,-0.068512581
ATXN2,0
SUCO,0
PRKD3,0
ZNF354A,0
PIK3CG,0
UPF3A,0
RFK,0
ATAD2B,0
PRKX,-0.096982533
RHOC,0
ITGB7,-0.016278042
PTPN7,0
MUS81,0
BRD9,-0.028519613
LPCAT4,0
DESI2,0
EIF4G3,0.143033144
TIMM10,0
ORAI2,0
APOBEC3C,0
NOL8,0
PARN,-0.021638706
FRY,0
S100PBP,0
PKNOX1,0
ATXN2L,0
HDDC2,0
TSPYL2,0
CISD1,0
PLGRKT,0.031732258
OGDH,0
ZNF292,0
GZMH,0
DNAJC1,0
GGCT,0
SMC3,0
NPAT,0
ITGA4,-0.00207466
PLEKHG3,0
ANKRD17,0
GTF3C1,0
THADA,-0.03996809
KLHL18,0
KLF9,0.012594104
SLC1A5,0
CCR7,-0.026789976
GPR183,0
PITRM1,0.16036425
HECTD4,0
FBXW4,0
PRPF4,0
HMGXB4,0
YTHDC2,0
PARVB,0.013852964
ATG14,0
EXOSC8,0
HTATSF1,0
LY6E,0
EVA1B,0
CHST12,0
TPP2,0
MDM1,0
STAM,0
BAX,0
ABCF1,0
SOCS1,0
RELB,0
TFPT,0
SDF2L1,0
CLN5,0
CEP135,0
FAHD2A,0
ARID4A,0
DDIT3,0
ZCCHC10,0
ADA,0
ACP5,0
MPRIP,-0.024534206
CSNK2A2,0
RIPK2,0
ASB1,0
TRAPPC2L,-0.025526695
SLC50A1,0
BAD,0
SMAD3,-0.138196514
ITM2C,-0.069668769
OGFRL1,0
PRDM1,0
NPDC1,0
FAM136A,0
ASNSD1,0
MRPS15,0
LMO4,0
MAPKAP1,0
FBXL15,0
ACADM,0
EXOSC9,0
DDX60,0
REC8,0
ACP6,0
BCL7C,0
MIS12,0
ATMIN,0
PTGS2,0
IL6R,0
TERF2,0
ZMYND8,0
AHCY,0
DIAPH2,0
MTF2,0
PDE3B,0
UBTF,0
CCP110,0
CMTR1,0
GZMK,-0.030140555
ZBTB1,0
HIVEP1,0
GTPBP6,-0.028464308
FAM20B,0
MAPK8IP3,0
CTSL,0
NFATC3,-0.046261062
DYRK4,0.014015923
HOPX,0
SSBP2,0
FAM168A,0
CHST11,0
ZC3H14,0
CLSTN3,0
ACAT1,0
UBAP2,-0.033763163
MATK,0
GOLGA8A,0
KIAA0753,0
PRPS2,0
ZNF337,0
ZBTB7A,0
MAF,-0.047726665
RAB4A,0
LSG1,0
TERF1,0
CHD9,0
PHF8,0
DNAJC9,0
TCERG1,0
KIN,0
PIP4K2B,-0.000688303
ASXL1,0
MZT2B,-0.001148394
UFL1,0
EIF5B,0
CBR1,0
TGIF1,0
PHKG2,0
CARM1,0
PHTF1,0.028788952
LPAR6,-0.010046934
LPIN1,-0.102323734
MBNL3,0
SRM,0
MXD1,0
SREK1,0
B3GNT2,0
DYNC1H1,0
RDX,0
AAMDC,0
LUZP1,0
RUVBL1,0
GSDMB,-0.051532577
RPA3,0
IFIT3,0
STRN4,0
MYO1C,0
CWC25,0
DPM3,0
STRN3,0
RNMT,0
PMVK,0
PTPRN2,0
ENDOD1,0
ZMAT3,0
LONP1,0
DMXL1,0
SLC39A4,0
PLCG1,0
CERS6,0
APBA2,0
PAXBP1,0
PREPL,0
PIEZO1,-0.122183405
MED7,0
GLRX3,0
SUN1,-0.063171934
DNAJC2,-0.128468663
DNAJC15,0
RPAP3,0
OAS3,0
ITGA6,-0.00024215
EP400,0
UFSP2,0
SOX4,0
SIN3B,0
IFI44,0
ATN1,0
RASGRP1,-0.103516736
RRAS,0
ERAL1,0
PDCL3,0
GPR107,0.120029482
CDYL,0
ECI1,-0.040819663
EMILIN2,0
CBX5,0
TNFSF12,0
GNB5,0
CD2AP,0
RTP4,0
PCNT,0
TBC1D4,0
RAB11FIP2,0
SBF1,0
TIAM1,-0.006880452
MTIF2,0
ROCK2,0
POP7,0
NUDT1,0
NR4A1,0
WBP4,0.118047623
CCR5,0
ZBTB40,0
TARBP1,0
KIAA0319L,0
CD320,-0.170275371
PPP2R5E,0
CD79B,0
FRMD4B,0
PHF10,-0.072590032
ZC3H7B,0
RRM1,0
ABHD14A,0
CAPRIN2,0
CRADD,0
PURA,-0.100000977
CKAP5,0
C1orf35,0
TNFSF14,0
VRK1,0
IFIT2,0
IDE,0
SH3YL1,-0.031104668
BBC3,0
GALT,-0.028046298
SLC12A6,0
SLC4A7,-0.095598544
TRIM24,0
RPGR,0
NXPE3,0
HAUS2,0
IKBKE,0
ACOT13,0
RPP38,0
UGCG,0.009041631
ST8SIA4,0
ZDHHC24,0
POU2F2,0
RMDN1,0.015221205
DSTYK,0
SH2D2A,0
ANKRD28,0.012723429
PUS3,0
MCM4,0
CUL9,0
MLH1,0
RIPK1,0
TSPAN32,0
ERAP2,0
DHX30,0
LARP7,0.03453131
ZBTB14,0
TPMT,0
HUS1,0
TFDP2,0
STX18,0
CHST7,0
SUPT6H,0
CRIPT,0
VIPR1,0
KIF3B,0
DROSHA,0
DEF8,0
RRP8,0
ACVR1,0
REV1,0
KIFAP3,0
MICALL1,0
ATF5,0
MPHOSPH10,-0.036372871
NOP16,0
MEF2D,0
ZBP1,0
WDR73,0
NFX1,-0.074215581
GMCL1,0
POFUT2,0
CD8B,-0.038766678
SH2D1A,-0.042328352
C8orf33,-0.043385766
ZBTB24,0
NABP1,0
SLC2A4RG,0
MSH3,0.048257757
ZNF646,0
AXIN1,0
ETFDH,0.120481973
CREB3L2,0
TP53TG1,0
CYB5A,0
HELZ,0
FGFR1,0
CREM,0
AGO1,0
PIK3CA,0
TTC33,0.062907867
TPCN1,0
TRIM37,0
GTF3C3,0
TSPAN2,0.038821541
APPL1,0
PAICS,0
MYL6B,0
ATG2B,0
TXLNA,0
FABP5,0
MAFG,0
KDM5C,0
AKT3,-0.044106043
NT5C,0
GGA2,0
GTF2F2,0
C11orf71,0
KLRB1,-0.005109324
RAD17,0
IFT57,0.01781594
CPPED1,0
AHR,0
ATP11A,0.046889661
SSBP3,0
NFKB2,0
IPO9,-0.062120565
SCCPDH,0
DENND4C,0
ITPR2,0
PEX1,0
PLCB1,0
ZMYM4,0
STX2,0
LDLRAD4,0.016693299
TESPA1,0
MAP3K1,0
FUT8,0
CKS2,0
SYNJ2,0
ARL2,0
DNM1L,0
YEATS4,0
XRCC4,0.141025259
MYBL1,0
HIRIP3,0
HRAS,0
SIGMAR1,0
MAK16,-0.036287162
CREB5,0
IFT74,0
SOCS5,0
CEP68,0
PPP1R12B,-0.040602783
ADAT1,0
ASCC3,0
PLEKHF1,0
RBM28,0
ST3GAL5,-0.110581021
ZBTB16,0
ZNF318,0
SLC16A1,0
TIMM13,0
ANKRD40,0
ALPK1,0
SLC2A6,0
WWP1,0
PFDN4,0
ENOX2,0
BRCC3,0
TRAF5,-0.022500526
CEBPG,0
IKZF4,0
CAAP1,0
LTBP3,0
SNAPC4,0
BMS1,-0.082962105
NAA40,0
STMN1,0
HSPH1,-0.041407257
TCOF1,0
AGER,0
TRAT1,0
DYNC1LI2,0
CDK8,0
HEMK1,0
ZCCHC2,0
MALT1,0
TPRKB,0
MRPL13,0.032126055
REV3L,-0.006231026
TGIF2,-0.084023645
AKAP1,-0.155133372
BCOR,0
SLC35E3,0
KMT2A,-0.059174645
CINP,0
MBIP,0
CORO7,0
TRAPPC10,0
CEP104,0
MPHOSPH6,0.029542645
EEA1,0
SYT11,0
CDKN2A,0
CDR2,0
SYCP2,0
RINT1,0
DENND4A,0
UAP1,0
STK39,0
KLRD1,0
SMARCAL1,0
C1orf56,0
DPP3,0.083718402
PAK1IP1,0
GOLGA2,0
NDUFAF4,0
PRKAR1B,0
PBX3,0
NAPG,0
CDC14A,0
ZNF593,-0.099874628
GMNN,0
TRIB2,-0.05487809
SLAMF7,0
TTF2,0
RAB33A,0
SIRPG,0
ZNF562,0
FXN,-0.047550765
AMIGO2,0
PASK,-0.056642467
LYRM4,0
JUN,-0.007508674
DNAJC3,0
SMIM14,0
GFER,0
DCUN1D4,0
BCAP29,0.200945504
RBMX2,0
PDE4DIP,0
EAF2,0
SQLE,0
DBF4,0
AP5S1,0
POU2F1,0
RUFY2,-0.005071298
TRAM2,0
PMAIP1,0
NRAS,0
DDX52,0.104658251
EEF1E1,0
TSHZ2,0
C2orf49,0
PRR5,0
ORC3,0
BTBD7,0
LAX1,-0.018969675
EZH2,0
DUSP2,0
UBIAD1,0
MAST4,0
APOOL,0
ING2,0
MDM4,0
TMEM260,0
SNAPC3,0
CLCC1,-0.079012378
PCCB,0
IFI44L,0
PLCL1,0
TCEAL4,0
ORC2,0
DBN1,0
ECI2,-0.056686273
HIPK2,0.098448109
NF1,0.00692817
NCAPG2,0
C21orf91,0
WDR3,0
ETV6,0
CRYBG3,0
EBNA1BP2,0
MTHFR,0
CROCC,-0.160455283
HAUS6,0
CENPC,0
MDM2,0
PPARA,0
PHYH,0
IRF4,0
KLRC1,-0.018866229
CD38,0
PLK3,0
PPRC1,-0.064443202
NDUFS4,0
ICA1,0
ALDH6A1,0
YOD1,0
SIT1,-0.00993612
TTC9,0
FBXW7,0
UBE2O,0
THOC2,0
ZNF614,0
RAB3GAP2,0
RABEP1,0
CD244,-0.070842406
BTG3,0
HMBOX1,0
BTD,0
HLTF,0
IFT88,0
HPS5,0
AKR1C3,0
SLC25A4,0
GPATCH1,0
UBXN7,0
RBM12B,0
BACH2,-0.006139549
NET1,0
GNE,0
SREK1IP1,0.051049998
DUSP10,0
ZSCAN32,0
SMAD5,-0.114445175
KLF13,0
AP1AR,0
NDC80,0
REL,0
LYRM2,-0.035963259
ZMYM5,0
MTRF1L,0.112524949
GPALPP1,0
PCSK5,0
SCRIB,0
ZBTB20,0
DNAJC11,0
DECR2,0
BCL2L11,0
ZNF84,-0.097671856
ZNF701,0
KLRF1,0
LIMD1,0
CASD1,0
GPR18,-0.052596251
ATF7IP2,0
RAPGEF1,0
MKI67,0
MRPL48,0
RRAS2,0
MYB,0
MEGF8,0
SACS,0
APOO,0
HERC6,0
C1orf159,0
PCBD1,0
NIT2,0
ABCB1,0
SCML1,0
GPATCH4,0
DIS3,0
GCHFR,0
PTMS,0
VPS13A,0
ARHGAP5,0
CEP152,0
IL21R,0
RALGPS2,0
CD101,0
CYB561,-0.149911563
XIAP,0
CHI3L2,0
DENND1B,0
KIAA0586,0
NCR3,0
ACOT7,0
CAPN15,-0.023165912
WDR59,0
ATP10A,0
KLF12,-0.293748733
MANEA,0
P2RY10,-0.009645366
ZNHIT6,0
CD69,0
CEP164,0
ABCA5,0
CYSLTR1,0
UPF3B,0
ERCC8,0
GATAD1,-0.124524002
CLUAP1,0
CKS1B,0
GSE1,-0.070600713
ANAPC10,0
ARHGAP35,0
KDSR,0
SESN1,0
ESF1,0
PGPEP1,0
NCAPD3,0
WWOX,0
PACS1,0
SRD5A3,0
SPATS2L,0
DAAM1,0
PAN2,-0.158081286
NFIC,0
ASXL2,0
SMC2,0
DZIP3,0
GPN2,0
LTBP4,0
ZNF175,-0.07228399
NPM3,0
MIS18BP1,0
JAK3,0.001533611
SERGEF,0
HAUS3,0
PIGP,-0.05146931
CD226,0
NUDT15,-0.071437487
PHF20L1,0
YAF2,0
PCYOX1,0
PRR5L,0
TAF1B,0
MTAP,0
CEP250,0
CSNK1G1,0.067679939
TRMT13,-0.042234099
INPP5F,0
ALMS1,0
PLAG1,0
IKZF5,0
TRRAP,0
XAF1,0
RBBP5,0
STAU2,0.120441053
CENPF,0
ZNF609,0
MDC1,0
CEP41,0
PTGDR,0
PAFAH1B2,0
MLH3,0
RBFA,0
CRTAM,-0.02280395
MLLT11,0
LIPT1,0
IVD,0
BAG3,-0.006082895
COX20,0
OXR1,0
PDCD11,-0.243226743
CCDC88A,0
PTPRJ,0
TKTL1,-0.053274603
RNF125,0
ACADSB,0
SYNJ2BP,-0.105816493
USP53,0
TCEAL1,0
BLM,0.008090653
SPRY1,0.053853382
ING3,0
GADD45G,0
TMOD2,0
DHTKD1,0
MED1,0
MGA,-0.057510427
NR1D2,-0.162072142
RNF19A,0
ZNF91,-0.092583372
MYNN,0
TAPT1,0
NOL6,0
LY6G5C,0
LHPP,0
PEMT,0
CLIC3,0
NETO2,0
LIG1,0
BRPF1,0
ZNF248,0
GATA3,-0.032075589
GTPBP8,-0.082237654
STAT2,0
AFF3,0
ZNF544,0
NSUN6,0
RBBP8,0
GSTZ1,0
NUFIP1,-0.038202576
ITGB3BP,0
MAGOHB,0
PSAT1,0
METTL8,0
EIF2B3,0
LIMK1,0.046324927
LIG3,0
GUF1,0
DNPH1,-0.037636451
ZNF652,-0.02974524
SCARB2,0
ZBED4,0
PHACTR2,0.039871814
FANCI,0
SCAPER,0
GZMM,-0.062478965
NRDE2,0
TTBK2,0
ULK2,0
HIVEP3,0
OSGIN2,0
AFG3L2,0
LLPH,0
TBC1D22B,0
MDN1,-0.158180173
RPAP2,0.021087789
POLR3D,0
SPIN1,0
CD83,-0.038458162
INPP4B,-0.037774348
TRAF1,0
KNOP1,0
OSBPL3,0
KIF13B,0
KAT6B,0
APOL6,0
TRIP11,0
EGR1,0
GSPT2,0
KLC2,0
ZC2HC1A,0
COG2,0
NMT2,0
PRR14L,0
TIMM9,0
SNTB2,0.023239997
TXK,-0.097758531
AHI1,0
RNF8,0
EXOSC2,0
BPNT1,0
R3HCC1L,0
AUTS2,0
MYOM2,0
C12orf43,0
PLEKHA2,0
COQ7,0
ZNF33B,0
ZBTB38,-0.036348487
ZKSCAN1,0
PALB2,0
ELP6,0
PHACTR4,0
ATXN7L1,0
PYHIN1,0
BMPR2,0
MLLT3,0
HOXB2,0
MYEF2,0
HOOK2,0
ZNF226,0
NAA15,-0.039750555
SAV1,0
QSER1,0
MCM2,0.121654911
EPHB6,0
CEP97,0
SPN,-0.017262255
CD84,0
ANKRD11,0
ID3,-0.026966702
ARHGAP10,0
PTPRM,0
CBLB,-0.017087143
APOM,0
CCDC6,0
NEK3,0
NCAPD2,0.021326838
MAP7D3,0
MAP3K2,0
MAN2A1,0
CENPM,0
GBF1,0
DUSP5,0
MAGED1,-0.02127284
USP27X,0
KLF7,0.036907982
TTF1,0
PRR7,0
NAT10,-0.175901492
RAD50,0
EDC3,0.018662676
SLAMF1,0
TAF1,0
ZWILCH,0
GPX7,0
DVL2,-0.019753993
IL12RB1,0
HYI,0
PDK1,-0.00594869
EHMT1,0
GEMIN6,0
MS4A1,-0.002183062
DHX57,0
ATAD2,0.040824036
TNIK,-0.043127732
NEK1,-0.015214451
TMEM97,0
TEX30,0
PERP,0
POMC,0
TIMM50,0
CCDC25,0
PABPN1,0
ZBTB43,0
CAMTA1,0
PLXNA3,0
NR2C2,0
NCDN,0
TGFBR1,0
CD70,0
TULP4,0
OSM,0
FAN1,-0.059264101
BARD1,0
FAM118A,-0.057178094
LIAS,0
TXLNG,-0.003689275
UTRN,-0.05192034
PXMP4,0
ZNF480,0
MYL5,0
NME6,0
FLNB,0
ENO2,0
SMUG1,0
LFNG,-0.043145921
LSR,0
MAN1C1,-0.060969343
IL7R,-0.027052367
ETV3,0
CAD,0
SMC6,0
NAALADL1,0
CDK6,0
HS3ST3B1,0
SYTL2,0
PUS7L,0
ATP8B2,-0.102590645
DDB2,0
MIS18A,0
DFFA,-0.066580962
GALNT6,0
ERN1,0
SUPT3H,0
ERICH1,0
S1PR5,0
CTC1,0
HRH2,0
RORA,-0.062726391
RABL6,0
INO80D,0
TNF,0
CCDC57,0
MRPS33,-0.028921847
CASK,0
RUNX2,0
SLC12A2,0
ERCC6,-0.116058827
ZNF654,0
TUBGCP4,0
PRIM1,0
ATP6V0A2,0
RBM19,0
MFHAS1,0
CORO2A,0.059676115
SH3BP1,-0.02023879
TTN,0
FAM204A,0
PRDM8,0
CBX4,0
C1orf21,0
YPEL1,0
IKZF3,0
ZNF507,0
GEMIN7,0
AGPAT4,0
XPNPEP3,0
CD5,-0.107334187
OTUD3,0
VEGFB,0
AP3M2,0
FHIT,-0.01870029
GPRASP1,-0.061451504
AGPAT3,0
CHRNB1,0
FBXL8,0.07020428
TNFSF8,0
MED31,0
DNAJA4,0
PARP3,0
CLEC11A,0
TGFBRAP1,0
NCALD,0
TCEA2,0
ERCC4,0
CCDC82,0
KCTD20,0
LIMA1,0
RAD54L2,0
ZCWPW1,0
SENP2,0
KLRG1,0
CAMK1D,0
DNASE1,0
ZBTB44,0
PDPR,0
ZNF264,0
ZDHHC19,0.034117788
CYSTM1,0.035086183
RGL4,0.02028851
CPEB4,0
PIK3AP1,0
PROK2,0
FBXO6,0
PPP1R3B,0
AGTRAP,0
FAM89A,0
GLIPR2,0
LACTB,0
RALGAPA2,0.098906539
EIF4E3,0
VMP1,0
EXOC6,0.004777293
RHOU,0.004537252
SLC40A1,0
CMPK2,0
ALYREF,0
TMED8,0.119054167
GPR160,0
UVSSA,0
PXK,0
PPM1N,0
TCP11L2,0
AIG1,0.078863842
ANKRD13A,0
RASGRP4,0
TNFSF13B,0
TIFA,0
ZYG11B,0
ANTXR2,0
MLKL,0.047901925
CEP19,0
PAG1,0.050436928
ARHGAP27,0
NFKBIZ,0
UBE2F,0.02786365
MYADM,0
SAMD9L,0
IDNK,0.037724472
MBD6,0
NMNAT1,0
TMEM167A,0
DNAJC5,0
DDX60L,0
PARP9,0
NUDT16,0
XRN2,0
SMAP2,0
PPM1M,0
SESTD1,0
IKBIP,0
RNF213,0
EMB,0
DPH3,0
DOCK11,0
PIM3,0
ARL8A,0.012964298
PREX1,0
C1orf162,0.040092701
ACSS2,0.033649514
STARD10,0
ERI1,0.016874143
BOD1L1,0
GNG2,0
TET2,0
SESN3,0
B3GNT8,0
PTAR1,0
SPPL2A,0
CMTM2,0
FAM210B,0
KDM1B,0
GPCPD1,0
FAM200B,0
FERMT3,0.034888663
CSRNP1,0
HNRNPLL,0
ARHGAP18,0.103860034
RAB34,0
MPP7,0.062039489
GPR155,0
CCDC125,0
PABPC1L,0
KMT2C,0
KIAA2013,0
UBE2R2,0
UBASH3B,0
HOOK3,0
TXNDC17,0
SNX9,0
POC1B,0
TECPR1,0
FAM177A1,0.019932545
KLHL6,0
C16orf87,0
SYTL3,0
TMEM107,0
ZSCAN30,0
RNPC3,0
CPNE2,0
SDCCAG8,0
UBALD2,0
NUFIP2,0
MIDN,0
PGM2L1,0
GBP5,0
RBM33,-0.182213262
RILPL2,0
PCGF5,0
EPSTI1,0
FAM107B,0
UBN2,0
ZNF655,0
ZDHHC12,0
GALM,0
MSI2,0
ZFP91,0
NFIA,0
NCOA7,0
ZNRF1,0
POLK,0
DTNBP1,0
TADA2B,0
TPRG1L,0
CHMP4B,0
TAB3,0
BRI3BP,0
BROX,0
PDE7A,-0.012498833
MRPS5,0
SUSD1,0.087453739
NDUFV3,0
FNIP2,0
FAM76B,0
HAVCR2,0
JAZF1,0
BRPF3,0
COG3,0
CPSF2,0
PHF19,0
CITED4,0
ZNF33A,0
PPP1R18,0
REEP3,0
LRRC58,0
POLE4,0
CHCHD5,0
ERCC6L2,0
SYAP1,0
LZIC,0
ESCO1,-0.006356954
FBXO33,0
NPHP3,0
RAB3IP,0.036636941
FBXW5,0
SKA2,0
ARL5B,0
TTL,0
VMA21,0
ESYT2,0
CCNY,0
NIFK,-0.00578378
RBM43,0
UTP23,0
TRIM41,0
GAB3,0
IRF2BP2,0
SENP1,0
C1orf122,0
TRIM69,0
WDFY1,0
ATP6V1E2,0
SNHG9,0
CREBRF,0
GLCCI1,0
DYNLL2,0
DTD1,0
SDHAF2,0
TMEM116,0
TCEANC,0
GINM1,0
SETD7,0
SMCR8,0
CCDC117,0
EIF2AK4,0
IFI27L2,0
UQCC2,0
CYB5D2,0.046871899
MAP1LC3A,0.00344512
FAM219B,0
CEP95,-0.023272354
CCDC34,0
CMTM3,0
GIMAP8,0
UBXN2A,0
TMEM216,0.054036464
CHCHD1,0
CDCA7,0
GBP4,0
FBXO45,0
NT5C3A,0
GBA2,0
C2orf69,0
FMN1,0.071726781
MTIF3,0
CMTM7,0
DHX36,0
TRABD2A,-0.094034841
CCDC137,0
SLFN11,0
TRMT6,0.0230885
SUDS3,0
SPECC1,0
RBMXL1,0
MPZL3,0
DNAH1,0
SERTAD1,0
LRRK2,0
ZC3H18,0
STRBP,0
ZNF644,0
CEP85L,-0.074522902
SDE2,0
SPTY2D1,0
ZNRF2,0
MRPL55,0
PARP14,0
DUSP16,0.011659678
LRRC8A,0
SWI5,0.026316611
EEPD1,0
ZNF445,0.048613538
SLC9A9,0
TNRC6A,0
METTL14,0
RGS18,0
RBM18,0
FAM217B,0
DTX3L,0
SWSAP1,0
RBM27,0
SNAI3,0
THUMPD3,0
YPEL3,0
CELA1,0
TNRC6C,0
TP53INP1,-0.007732846
TCEANC2,0
ATP11C,0
ISY1,0
FBXO32,0
FANCD2,0
PLEKHA8,0
IFI27L1,0
CMTM8,-0.042636419
CWF19L2,0
ALKBH5,0
GK5,0
C12orf76,0
UBXN11,0
MIB2,0
EBPL,0
PPP1R9B,-0.011827339
SOCS4,0
SLC39A3,0
LEO1,0
CHD6,0
ALKBH7,-0.044288787
TATDN3,0
CCSAP,0
TCHP,0
ZFPM1,0
ZNF317,-0.120344387
CACNA2D4,0
SPATA33,0
RRP36,0
ZMAT1,0
CCDC14,0
TNFAIP8L2,0
NTPCR,0
RPP25L,0
CCDC88B,0
C9orf85,0
MIB1,0
PARP10,0
STAMBPL1,0
DNAJC21,0
TPGS1,0
PSMG4,-0.067025717
RICTOR,-0.026617744
RAB11FIP4,0
KCNK6,0
POLR3A,0
GIGYF1,0
BDP1,0
PHPT1,0
ZNF326,0
ZFP1,0
GKAP1,0
PHF6,0
ING5,0.084165827
MLLT6,-0.096242088
ZFYVE28,0
TTC32,0
ZNF605,0
HSCB,0
ZNF429,0
KIF21A,0
SLFN5,-0.022649015
THAP2,0
JOSD2,0
CLPTM1L,0
SETDB2,0
COMTD1,0
JMY,0
RBAK,0.02222698
TCEAL3,0
STIM2,0
MYO1G,0
CCDC66,0
C3orf38,0
TUBGCP6,-0.003046411
SYTL1,0
DDHD1,0
ZNF621,0
ZNF836,0
MGME1,0
EXOC8,0
HSBP1L1,0
C15orf40,0
NHSL2,0
GPATCH11,0
SAMD3,-0.027966531
KLHL5,0
ARIH2OS,0
AEBP2,0
SEC11C,0
ZNF626,0
MSANTD4,0
MTX3,0
MRPL37,0
TRIM56,-0.023854251
VARS2,-0.120930821
NUDT17,0
PTPN23,0
TMEM154,0
PHAX,0
GBP3,0
MMAB,0
PDZD11,0
FAHD1,0
FRA10AC1,0
DUSP23,0
AASDH,-0.030855226
COA5,0
EPC2,0
TMCO4,-0.035104926
KLHL42,0
CCDC146,0
ZSWIM7,0
ZNF44,0
LYAR,0
KBTBD3,0
ZFAND2A,0
MAML2,-0.078616251
ZBTB4,0
MED19,0
ZCRB1,0
CCAR1,0
PUSL1,0
KCTD10,0.008307983
ZNF101,0
RELL2,0
ANKIB1,0
MCOLN2,-0.034859449
DIS3L,0
CCDC112,0
MPV17L2,0
TRMT10B,0
ZC3H6,0
PSMG3,0
GTSF1,0
C6orf226,0
PPP1R15B,0
TAF3,0
ZHX1,0
YBEY,0
NSRP1,0
TMIGD2,0
PTRHD1,0
ZBTB21,0
HSH2D,0
NDUFAF2,0
NSMF,-0.1721554
TTC16,0
CWC22,0
SNX29,0
CMC1,0
NRROS,-0.077746604
CISD3,0
TOX2,0
CCDC50,-0.059445969
ZNF566,0
CCDC167,0
INO80,0
TTC39C,-0.010307784
KIAA1143,0
GTF3C6,0
TAGAP,0
FUOM,0
LYPLAL1,0
DDX55,0
TMEM18,0
CEP78,0
ZSCAN29,0
SSBP4,0
MRPL10,-0.003491941
HINT2,-0.017696712
JAKMIP1,0
CCDC43,0
PPP1R35,0
SPSB2,0
CHRAC1,0
CWC27,0
HCST,0
SMYD4,0
ABI3,0
RCSD1,0
PATL2,-0.043968022
TYW3,0
ZNF514,0
COA6,0
CHCHD10,-0.017111042
MED29,0
DUSP28,0
STK32C,0
N4BP2,0
ZNF791,0
RAB37,0
ZC3H8,0
FBXO25,-0.187285758
SMIM20,0
BCL9L,-0.151453546
CIPC,0
RASAL3,0
EPB41L4A-AS1,0
BOLA3,0
METTL25,0
RPF2,0
SLC25A39,0
CDCA7L,0
ZNF558,0
C15orf61,0
GIMAP1,0
RIOK1,0
ZCCHC9,0
HAUS1,0
STRADB,0
TMEM181,0
STT3B,-0.037333109
TMEM126A,0
C12orf75,0
WHAMM,-0.076961131
TMEM42,-0.033372924
OTUD6B,0
HVCN1,-0.039364586
ARRDC3,0
SBK1,0
CCDC107,0
C1orf131,0
P2RY8,-0.102339317
PNPT1,0
CXXC5,-0.033604515
FCRL3,-0.011326579
SMIM19,0
BBS2,0
OXNAD1,-0.012344819
GCSAM,0
SLAMF6,0
MRPL1,0
ZNF766,0
ZC3H12D,0
PCED1B,-0.012872716
SLC39A10,-0.060459121
TSHZ1,-0.028758911
TIGIT,0
UHRF2,-0.037059988
SMARCAD1,-0.125465433
ZFP62,0
ARL14EP,-0.032063694
SHPRH,0
UBE2Q2,0
THEMIS,-0.030949058
ZNF600,0
EOMES,0
FGFBP2,-0.009125853
ACTG1,0
SLC16A3,0
RNASEK,0
PSME2,-0.016068928
GIMAP5,-0.079091321
HSPA1B,0
MXD4,0
HLA-DRB5,0
PYCR2,0
SP140,0
RINL,0
ZC3H12A,0
GMPPB,0.004664
ZNF131,0
UBE2V1,0
AMY2B,0
NDUFAF6,0
POU2AF1,0
SCLT1,0
UTP14C,0
ZNF841,0
FCRL6,-0.000542178
APOBEC3H,0
ZNF37A,0
RIF1,0
METTL16,0
PER1,0
LRRC8C,0
SPON2,-0.022127479
ZEB1,0
